{"cameraMode":{"drawMode":0,"name":"Shaded","section":"Shading Mode"},"sceneLighting":false,"audioPlay":false,"sceneViewState":{"m_AlwaysRefresh":false,"showFog":true,"showSkybox":false,"showFlares":true,"showImageEffects":true,"showParticleSystems":true,"showVisualEffectGraphs":true,"m_FxEnabled":true},"in2DMode":false,"pivot":{"x":-0.05395913124084473,"y":0.6344525218009949,"z":-0.005584202706813812},"rotation":{"x":-0.07817254215478897,"y":-0.8738377094268799,"z":0.14982882142066956,"w":-0.455920934677124},"size":1.387905240058899,"orthographic":false}